"","ID","Description","GeneRatio","BgRatio","pvalue","p.adjust","qvalue","geneID","Count"
"GO:0050808","GO:0050808","synapse organization","86/1080","398/10889",1.40360346473358e-12,4.34122320513219e-09,3.74830249036955e-09,"NTNG2/LRRN1/EZR/PTPRT/SHISA6/SDK1/PCDHGC4/SEZ6/LRRN3/NRP2/ARHGAP22/UNC13A/GPM6A/PCDHB2/LRRC4C/LAMA5/GRIN2B/CLSTN2/TNC/EPHB1/ST8SIA2/SLC18A3/CDH8/SPTBN4/HMCN2/PPFIA4/RELN/ASIC2/GABRA2/GRID2/CHRNA7/APOE/CAP2/IL1RAP/PLXNC1/ERC1/CHRDL1/MDGA1/WASF2/GPR158/PDLIM5/SLITRK3/PCDH17/SIX1/PCDHGC3/ZDHHC2/LAMB2/SLIT1/CAST/SPOCK2/SIPA1L1/PLXND1/NTRK1/INA/LRFN5/TUBA1A/NRCAM/PCDH8/ACHE/PTPN13/NRG3/NRXN1/REST/PTPRD/TNR/HIP1R/TANC1/WASF3/ZC4H2/FRMPD4/EGLN1/ADNP/CNTNAP1/SYBU/NLGN1/GLRB/DNER/VHL/GRIA1/CDH6/SEMA3E/TUBB/CDK5R1/DISC1/NTRK2/DCTN1",86
"GO:0061564","GO:0061564","axon development","87/1080","407/10889",1.93631721905985e-12,4.34122320513219e-09,3.74830249036955e-09,"ISL1/NTNG2/UST/MAP1A/TRPV2/SHOX2/NRP2/RET/POU4F2/NREP/LRRC4C/ISL2/STMN1/PAX2/LAMA2/LMO4/DRAXIN/COBL/TNC/DRGX/EPHB1/CTNNA1/VCL/LHX1/SPTBN4/HMCN2/RELN/SEMA6A/UNC5C/NCAM2/PCDHAC2/UNC5B/ISLR2/DAB1/APOE/PLPPR4/PLXNC1/AUTS2/UNC5A/PRKG1/NEUROD1/TOP2B/OTX2/NEUROD4/SEMA5B/SLITRK3/LAMB2/SLIT1/SIPA1L1/CNR1/PLXND1/NTRK1/SEMA5A/DCC/NRCAM/PTPRM/SVBP/EFNA2/CHN1/LGI1/RPL24/DPYSL5/NRXN1/ALCAM/PHOX2B/DCLK1/EIF4G2/ITGA4/TNR/SPAST/ADNP/CNTNAP1/MTR/LHX9/EFNB1/ATP8A2/IFRD1/MMP2/ARHGEF40/SEMA3E/CDK5R1/DISC1/NTRK2/THY1/TIAM2/USP33/RAB10",87
"GO:0007409","GO:0007409","axonogenesis","77/1080","361/10889",4.31967911599708e-11,6.16888301827386e-08,5.32634202103649e-08,"ISL1/NTNG2/UST/MAP1A/TRPV2/SHOX2/NRP2/RET/POU4F2/LRRC4C/ISL2/STMN1/PAX2/LAMA2/LMO4/DRAXIN/COBL/DRGX/EPHB1/VCL/LHX1/SPTBN4/HMCN2/RELN/SEMA6A/UNC5C/PCDHAC2/UNC5B/ISLR2/DAB1/APOE/PLPPR4/PLXNC1/AUTS2/UNC5A/PRKG1/TOP2B/OTX2/SEMA5B/SLITRK3/LAMB2/SLIT1/SIPA1L1/PLXND1/NTRK1/SEMA5A/DCC/NRCAM/PTPRM/EFNA2/CHN1/LGI1/RPL24/DPYSL5/NRXN1/ALCAM/PHOX2B/DCLK1/EIF4G2/ITGA4/TNR/SPAST/ADNP/CNTNAP1/LHX9/EFNB1/ATP8A2/IFRD1/ARHGEF40/SEMA3E/CDK5R1/DISC1/NTRK2/THY1/TIAM2/USP33/RAB10",77
"GO:0050804","GO:0050804","modulation of chemical synaptic transmission","79/1080","377/10889",6.00080089186324e-11,6.16888301827386e-08,5.32634202103649e-08,"NTNG2/SV2B/SHISA6/SYT11/MAP1A/GRIN3A/AKAP12/HTR1B/UNC13A/CACNA1B/LRRC4C/CPLX2/LAMA2/PLCB1/GRIN2B/GRIN1/CLSTN2/GRIK4/GRIA2/EPHB1/SYT1/SLC18A3/RELN/CHRNA6/PLCL1/RGS4/CALB1/RASGRF2/GRID2/CHRNA5/CHRNA7/HAP1/SYNGR1/APOE/PLPPR4/ERC1/PRKAR1B/ADCY8/NCDN/CHRDL1/ADRA1A/SNCAIP/PACSIN2/KCNQ3/SV2C/GPR158/PLCL2/PCDH17/ZDHHC2/SIPA1L1/CNR1/NTRK1/INA/CRHR2/DCC/JPH4/CPLX1/KIT/GRIA4/PCDH8/LGI1/ACHE/NRG3/NRXN1/SORCS2/PRKCG/PTPRD/TNR/ADORA1/SYT4/CELF4/ADNP/SYBU/SYN3/KCNB1/NLGN1/GRIA1/DISC1/NTRK2",79
"GO:0099177","GO:0099177","regulation of trans-synaptic signaling","79/1080","378/10889",6.87877232189324e-11,6.16888301827386e-08,5.32634202103649e-08,"NTNG2/SV2B/SHISA6/SYT11/MAP1A/GRIN3A/AKAP12/HTR1B/UNC13A/CACNA1B/LRRC4C/CPLX2/LAMA2/PLCB1/GRIN2B/GRIN1/CLSTN2/GRIK4/GRIA2/EPHB1/SYT1/SLC18A3/RELN/CHRNA6/PLCL1/RGS4/CALB1/RASGRF2/GRID2/CHRNA5/CHRNA7/HAP1/SYNGR1/APOE/PLPPR4/ERC1/PRKAR1B/ADCY8/NCDN/CHRDL1/ADRA1A/SNCAIP/PACSIN2/KCNQ3/SV2C/GPR158/PLCL2/PCDH17/ZDHHC2/SIPA1L1/CNR1/NTRK1/INA/CRHR2/DCC/JPH4/CPLX1/KIT/GRIA4/PCDH8/LGI1/ACHE/NRG3/NRXN1/SORCS2/PRKCG/PTPRD/TNR/ADORA1/SYT4/CELF4/ADNP/SYBU/SYN3/KCNB1/NLGN1/GRIA1/DISC1/NTRK2",79
"GO:0098742","GO:0098742","cell-cell adhesion via plasma-membrane adhesion molecules","45/1080","177/10889",1.83203313749099e-09,1.36913943141827e-06,1.18214348766524e-06,"PCDHGA3/PCDHA6/NTNG2/PCDHA5/PTPRT/SDK1/PCDHGC4/RET/FAT1/PCDHB2/LRRC4C/CDHR3/PCDH9/CLSTN2/CDH8/PCDHGB6/HMCN2/DSG2/FAT4/PKD1/PCDHAC2/GRID2/DAB1/CDH7/IL1RAP/CRB1/MDGA1/CDHR1/SLITRK3/PCDH17/PCDHGC3/CADM4/CDH22/LRFN5/TENM1/CDH18/PTPRM/PCDH8/ALCAM/PTPRD/FAT3/PCDH12/NLGN1/CDH6/PCDHA13",45
"GO:0050803","GO:0050803","regulation of synapse structure or activity","49/1080","207/10889",4.67299967985067e-09,2.99339008063577e-06,2.58455531165275e-06,"NTNG2/LRRN1/PTPRT/LRRN3/NRP2/ARHGAP22/GPM6A/GRIN2B/CLSTN2/EPHB1/ST8SIA2/SLC18A3/CDH8/RELN/ASIC2/GRID2/CHRNA7/APOE/IL1RAP/PLXNC1/MDGA1/GPR158/PDLIM5/SLITRK3/SIX1/SLIT1/SIPA1L1/NTRK1/LRFN5/TUBA1A/NRCAM/PCDH8/PTPN13/NRXN1/PTPRD/TANC1/FRMPD4/EGLN1/ADNP/CNTNAP1/SYBU/SLC17A7/NLGN1/VHL/TUBB/CDK5R1/DISC1/NTRK2/DCTN1",49
"GO:0030155","GO:0030155","regulation of cell adhesion","80/1080","423/10889",7.37483500866079e-09,4.13359502235437e-06,3.56903199498084e-06,"NR4A3/S100A10/UTRN/RET/ONECUT1/VAV3/EGFLAM/ZFHX3/DOCK5/TGFBI/CD24/DTX1/LAMA2/FUT9/LAMA5/CARMIL1/FZD7/TNC/LAMB1/CDK6/MALT1/VCL/PREX1/GCNT2/ITGAV/SPRY4/UBASH3B/PKD1/NUAK1/SEMA6A/AKNA/SLK/PELI1/PIEZO1/DOCK1/CBFB/DAB1/PKP4/PIK3R1/PLXNC1/MDGA1/PRKG1/PRLR/SRC/PEAK1/JAG2/ZDHHC2/LAMB2/SLC7A1/SPOCK2/PLXND1/SOCS5/SEMA5A/PRKX/GCNT1/CYRIB/CITED2/HMGB1/PCDH8/IL6ST/SMARCC1/SLC4A2/PDE3B/ITGA4/FRMD5/TNR/ASS1/SMARCD3/AP3D1/ADGRG1/DLL1/EFNB1/ACTN4/MMP2/SEMA3E/MAD2L2/DISC1/ACTL6A/THY1/B2M",80
"GO:0048667","GO:0048667","cell morphogenesis involved in neuron differentiation","86/1080","471/10889",1.12335708568698e-08,5.59681463580045e-06,4.83240627035871e-06,"ISL1/NTNG2/UST/MAP1A/TRPV2/SHOX2/NRP2/RET/POU4F2/LRRC4C/ISL2/TLX2/STMN1/PAX2/LAMA2/LMO4/DRAXIN/COBL/DRGX/EPHB1/VCL/LHX1/SPTBN4/WHRN/HMCN2/RELN/SEMA6A/UNC5C/PCDHAC2/UNC5B/ISLR2/BTBD3/DAB1/CHRNA7/APOE/PLPPR4/PLXNC1/AUTS2/UNC5A/PRKG1/TOP2B/CDHR1/NHERF1/OTX2/SEMA5B/PDLIM5/SLITRK3/LAMB2/SLIT1/SIPA1L1/PLXND1/NTRK1/SEMA5A/DCC/NRCAM/PTPRM/EFNA2/CHN1/LGI1/RPL24/DPYSL5/NRXN1/ALCAM/PHOX2B/DCLK1/PTPRD/EIF4G2/ITGA4/TNR/SPAST/ADNP/CNTNAP1/LHX9/EFNB1/NLGN1/ATP8A2/IFRD1/ARHGEF40/SEMA3E/CDK5R1/DISC1/NTRK2/THY1/TIAM2/USP33/RAB10",86
"GO:0050807","GO:0050807","regulation of synapse organization","47/1080","202/10889",1.72602497448857e-08,7.73949598560677e-06,6.68244195386208e-06,"NTNG2/LRRN1/PTPRT/LRRN3/NRP2/ARHGAP22/GPM6A/GRIN2B/CLSTN2/EPHB1/ST8SIA2/SLC18A3/CDH8/RELN/ASIC2/GRID2/CHRNA7/APOE/IL1RAP/PLXNC1/MDGA1/GPR158/PDLIM5/SLITRK3/SIX1/SLIT1/SIPA1L1/NTRK1/LRFN5/TUBA1A/NRCAM/PCDH8/PTPN13/NRXN1/PTPRD/TANC1/FRMPD4/EGLN1/ADNP/CNTNAP1/NLGN1/VHL/TUBB/CDK5R1/DISC1/NTRK2/DCTN1",47
"GO:0007411","GO:0007411","axon guidance","43/1080","180/10889",3.09537891694787e-08,1.0838655299524e-05,9.35832062342116e-06,"ISL1/NRP2/RET/POU4F2/ISL2/LAMA2/LMO4/DRAXIN/DRGX/EPHB1/LHX1/HMCN2/RELN/SEMA6A/UNC5C/PCDHAC2/UNC5B/PLXNC1/UNC5A/OTX2/SEMA5B/LAMB2/SLIT1/PLXND1/NTRK1/SEMA5A/DCC/NRCAM/PTPRM/EFNA2/CHN1/LGI1/RPL24/DPYSL5/NRXN1/ALCAM/TNR/LHX9/EFNB1/ARHGEF40/SEMA3E/CDK5R1/USP33",43
"GO:0097485","GO:0097485","neuron projection guidance","43/1080","180/10889",3.09537891694787e-08,1.0838655299524e-05,9.35832062342116e-06,"ISL1/NRP2/RET/POU4F2/ISL2/LAMA2/LMO4/DRAXIN/DRGX/EPHB1/LHX1/HMCN2/RELN/SEMA6A/UNC5C/PCDHAC2/UNC5B/PLXNC1/UNC5A/OTX2/SEMA5B/LAMB2/SLIT1/PLXND1/NTRK1/SEMA5A/DCC/NRCAM/PTPRM/EFNA2/CHN1/LGI1/RPL24/DPYSL5/NRXN1/ALCAM/TNR/LHX9/EFNB1/ARHGEF40/SEMA3E/CDK5R1/USP33",43
"GO:0048880","GO:0048880","sensory system development","54/1080","252/10889",3.15815276685578e-08,1.0838655299524e-05,9.35832062342116e-06,"ISL1/ATP2B4/MAB21L2/SDK1/PLAAT3/RET/POU4F2/FAT1/SPRY1/SERPINF1/MAB21L1/GPM6A/MEIS1/RORB/PAX2/ATP2B2/EPHB1/LHX1/COL5A1/EGFR/CALB1/CRB1/HDAC2/CHRDL1/NEUROD1/NEUROD4/LAMB2/CITED2/STRA6/PTPRM/VSTM4/MAN2A1/RPL24/ACHE/FKBP8/PHOX2B/XRN2/SPRY2/SMARCD3/CELF4/FAT3/DLL1/COL5A2/TFAP2A/SLC17A7/HMGN1/ATP8A2/VHL/MFAP2/PXDN/ACTL6A/NTRK2/THY1/PHACTR4",54
"GO:0007423","GO:0007423","sensory organ development","69/1080","357/10889",3.38405830047584e-08,1.0838655299524e-05,9.35832062342116e-06,"ATP2B4/MAB21L2/SDK1/PLAAT3/RET/POU4F2/FAT1/SPRY1/SERPINF1/MAB21L1/GPM6A/SIX2/MEIS1/RORB/PAX2/ATP2B2/EPHB1/LRP10/LHX1/WHRN/COL5A1/EGFR/INSIG1/CALB1/TBX3/PLPPR4/CRB1/HDAC2/CHRDL1/NEUROD1/NHERF1/NEUROD4/SIX1/JAG2/LAMB2/ATG4B/CITED2/STRA6/GSDME/PTPRM/KIT/VSTM4/MAN2A1/RPL24/CECR2/ACHE/FKBP8/PHOX2B/XRN2/SPRY2/SMARCD3/CELF4/RPL38/FAT3/DLL1/COL5A2/TFAP2A/SLC17A7/HMGN1/BMPER/ATP8A2/VHL/MFAP2/PXDN/MYCL/ACTL6A/NTRK2/THY1/PHACTR4",69
"GO:0060041","GO:0060041","retina development in camera-type eye","31/1080","109/10889",3.84793872006617e-08,1.1383769345885e-05,9.82898343916735e-06,"ATP2B4/SDK1/RET/POU4F2/SERPINF1/GPM6A/RORB/PAX2/ATP2B2/LHX1/CALB1/CRB1/NEUROD1/NEUROD4/LAMB2/PTPRM/VSTM4/MAN2A1/RPL24/ACHE/XRN2/SMARCD3/CELF4/FAT3/DLL1/TFAP2A/SLC17A7/ATP8A2/ACTL6A/NTRK2/THY1",31
"GO:0061061","GO:0061061","muscle structure development","76/1080","416/10889",8.10380445667099e-08,2.13749759904192e-05,1.84555992517869e-05,"ISL1/MSC/UTRN/SHOX2/HIVEP3/AKAP13/HEG1/NRG1/ZFHX3/DOCK5/MEIS1/LAMA2/RYR2/LAMA5/H3-3A/PLCB1/ADAMTS5/PDLIM3/FZD7/IGSF8/EPHB1/LAMB1/KRT8/FHOD3/ALPK3/IGFBP5/CFLAR/SLC8A1/RGS4/PIEZO1/H3-3B/DOCK1/TBX3/HLF/EGR1/SGCD/ADRA1A/EVC/PRKG1/PDLIM5/SIX1/LAMB2/PAX5/CITED2/STRA6/XKR8/KIT/MTPN/ITGA7/SMARCC1/PHOX2B/KMT5B/MYOCD/REST/WDR1/AKIRIN2/RBPMS2/ASS1/SMARCD3/ZBTB18/TANC1/HDAC5/PLEKHO1/EGLN1/DLL1/MORF4L2/CNTNAP1/RBM24/ACTN4/DNER/OLFM2/IFRD1/KDM1A/FLII/SORBS2/ACTL6A",76
"GO:0001654","GO:0001654","eye development","52/1080","247/10889",1.04341605082819e-07,2.46246187995454e-05,2.12614085038565e-05,"ATP2B4/MAB21L2/SDK1/PLAAT3/RET/POU4F2/FAT1/SPRY1/SERPINF1/MAB21L1/GPM6A/MEIS1/RORB/PAX2/ATP2B2/EPHB1/LHX1/COL5A1/EGFR/CALB1/CRB1/HDAC2/CHRDL1/NEUROD1/NEUROD4/LAMB2/CITED2/STRA6/PTPRM/VSTM4/MAN2A1/RPL24/ACHE/FKBP8/XRN2/SPRY2/SMARCD3/CELF4/FAT3/DLL1/COL5A2/TFAP2A/SLC17A7/HMGN1/ATP8A2/VHL/MFAP2/PXDN/ACTL6A/NTRK2/THY1/PHACTR4",52
"GO:0150063","GO:0150063","visual system development","52/1080","247/10889",1.04341605082819e-07,2.46246187995454e-05,2.12614085038565e-05,"ATP2B4/MAB21L2/SDK1/PLAAT3/RET/POU4F2/FAT1/SPRY1/SERPINF1/MAB21L1/GPM6A/MEIS1/RORB/PAX2/ATP2B2/EPHB1/LHX1/COL5A1/EGFR/CALB1/CRB1/HDAC2/CHRDL1/NEUROD1/NEUROD4/LAMB2/CITED2/STRA6/PTPRM/VSTM4/MAN2A1/RPL24/ACHE/FKBP8/XRN2/SPRY2/SMARCD3/CELF4/FAT3/DLL1/COL5A2/TFAP2A/SLC17A7/HMGN1/ATP8A2/VHL/MFAP2/PXDN/ACTL6A/NTRK2/THY1/PHACTR4",52
"GO:0043010","GO:0043010","camera-type eye development","47/1080","217/10889",1.77004394377862e-07,3.6320043794686e-05,3.13594819186006e-05,"ATP2B4/MAB21L2/SDK1/PLAAT3/RET/POU4F2/FAT1/SPRY1/SERPINF1/MAB21L1/GPM6A/MEIS1/RORB/PAX2/ATP2B2/EPHB1/LHX1/EGFR/CALB1/CRB1/HDAC2/NEUROD1/NEUROD4/LAMB2/CITED2/STRA6/PTPRM/VSTM4/MAN2A1/RPL24/ACHE/FKBP8/XRN2/SPRY2/SMARCD3/CELF4/FAT3/DLL1/TFAP2A/SLC17A7/HMGN1/ATP8A2/VHL/ACTL6A/NTRK2/THY1/PHACTR4",47
"GO:0051960","GO:0051960","regulation of nervous system development","65/1080","343/10889",1.8272062311172e-07,3.6320043794686e-05,3.13594819186006e-05,"LRRN1/TRPV2/S100A10/SHOX2/LRRN3/POU4F2/SERPINF1/BRINP1/TLX2/OPRM1/TG/DRAXIN/ETV5/ANXA2/CLSTN2/EPHB1/ID4/CTNNA1/ST8SIA2/RELN/SEMA6A/SLC7A5/ISLR2/ASIC2/GRID2/DAB1/HAP1/IL1RAP/PLXNC1/HDAC2/ABCC8/SEMA5B/SLITRK3/SLIT1/PLXND1/NTRK1/SEMA5A/DCC/KIT/MAN2A1/IL6ST/DPYSL5/PTPN13/NRXN1/REST/NCAN/PTPRD/EIF4G2/TNR/SMARCD3/SYT4/WASF3/VCAN/DLL1/ADNP/NLGN1/IFRD1/SEMA3E/KDM1A/DISC1/NTRK2/THY1/TIAM2/B2M/CDKN2B",65
"GO:0007156","GO:0007156","homophilic cell adhesion via plasma membrane adhesion molecules","32/1080","122/10889",1.86298172898701e-07,3.6320043794686e-05,3.13594819186006e-05,"PCDHGA3/PCDHA6/PCDHA5/PTPRT/SDK1/PCDHGC4/RET/FAT1/PCDHB2/CDHR3/PCDH9/CLSTN2/CDH8/PCDHGB6/HMCN2/DSG2/FAT4/PKD1/PCDHAC2/CDH7/CDHR1/PCDH17/PCDHGC3/CADM4/CDH22/CDH18/PTPRM/PCDH8/FAT3/PCDH12/CDH6/PCDHA13",32
"GO:0007186","GO:0007186","G protein-coupled receptor signaling pathway","65/1080","347/10889",2.83815464219249e-07,5.30261892316297e-05,4.57839156753683e-05,"ATP2B4/EZR/FRMPD1/RGS11/GALR1/AKAP12/PLCB3/AKAP13/HTR1B/STMN1/RORB/OPRM1/MET/PLCB1/FZD7/RAPGEF4/SSTR1/GNG2/GABBR2/PREX1/MGLL/GNG4/HTR7/CALCRL/RGS4/APOE/PLPPR4/ADCY8/ADRA1A/NHERF1/CHGA/WASF2/GPR158/SRC/NXPH3/SIX1/PDE3A/GPBAR1/GIPR/PCSK1N/CNR1/GIT2/CRHR2/TENM1/KCTD8/GPR85/SORCS2/PLCB2/GLRA2/LPAR4/PDE3B/ADCY9/RGS6/ADORA1/SSTR3/ADGRG1/ADGRG2/GLRB/S1PR3/KCTD12/ECEL1/CDK5R1/RGS8/SORCS1/USP33",65
"GO:0001764","GO:0001764","neuron migration","34/1080","139/10889",4.72308430745729e-07,8.4713240138554e-05,7.31431750855912e-05,"NTNG2/NRP2/SATB2/GPM6A/DRGX/LHX1/RELN/SEMA6A/UNC5C/DAB1/SCRT2/ARHGEF2/MDGA1/AUTS2/PRKG1/TOP2B/NEUROD4/YWHAE/FGFR1/DCC/TUBA1A/NRCAM/NRG3/PHOX2B/DCLK1/FAT3/ADGRG1/DDIT4/DNER/SEMA3E/SEPTIN4/CDK5R1/DISC1/NTRK2",34
"GO:0030036","GO:0030036","actin cytoskeleton organization","82/1080","483/10889",6.32688527842678e-07,0.000109114436878714,9.42116763322012e-05,"EZR/S100A10/ARAP1/MARCKS/AKAP13/FAT1/TMSB10/INF2/STMN1/PLS3/MET/SHC1/PHACTR2/CARMIL1/PDLIM3/TMSB15A/COBL/CCN2/KRT8/FHOD3/TAGLN2/FRMD3/SPTBN4/PREX1/TPM4/CFLAR/ZEB2/MICAL2/RGS4/SYNPO2/RND3/CAP2/PIK3R1/SORBS1/ARHGEF2/AUTS2/PACSIN2/PRKG1/NHERF1/MEGF9/WASF2/SRC/PDLIM5/EPB41L3/FMNL1/SPTBN1/MARCKSL1/SIPA1L1/ADD3/STARD13/SEMA5A/FMNL2/TENM1/CYRIB/ARHGAP26/AMOTL2/KIT/MAGEL2/DAAM1/WIPF1/SORBS3/MTPN/PARVA/RHOBTB1/FGD5/SLC4A2/WDR1/KASH5/ELMO1/FRMD5/HIP1R/CDC42BPB/WASF3/ARHGAP18/LATS1/ACTN4/TTC17/MAD2L2/CDK5R1/FLII/INPPL1/PHACTR4",82
"GO:0090066","GO:0090066","regulation of anatomical structure size","62/1080","334/10889",7.41610946142849e-07,0.000123162351203872,0.00010634093800832,"EZR/TRPV2/RAB3B/RET/POU4F2/VAV3/HTR1B/TMSB10/DOCK5/SLC12A1/PAX2/CARMIL1/DRAXIN/TMSB15A/UTS2B/FHOD3/SPTBN4/PREX1/SLC8A1/SEMA6A/HTR7/ISLR2/ASIC2/APOE/SCPEP1/ITGA1/ADRA1A/HP1BP3/PRKG1/NHERF1/MEGF9/SEMA5B/SPTBN1/SLIT1/ADD3/GCH1/SEMA5A/DCC/TENM1/CYRIB/NRCAM/MSN/VSTM4/MTPN/WDR1/EIF4G2/TNR/KAT2B/HIP1R/ADORA1/ATP2B1/ARHGAP18/DOCK4/LATS1/ADNP/IFRD1/MMP2/SEMA3E/KDM1A/FLII/DISC1/PPP1R15A",62
"GO:0048514","GO:0048514","blood vessel morphogenesis","63/1080","345/10889",1.08624770933834e-06,0.000173954811738325,0.000150196205825053,"ISL1/ATP2B4/NRP2/TSPAN18/RNF213/VAV3/HEG1/SERPINF1/ARHGAP22/PGF/THBS4/TGFBI/MEIS1/SHC1/ITGB8/CCN2/ANXA2/EPHB1/ITGAV/SEMA6A/CALCRL/UNC5B/PPP1R16B/CHRNA7/APOE/SGCD/ABCC8/WASF2/ARHGAP24/SIX1/GLUL/RSPO3/PLXND1/MINAR1/STARD13/SEMA5A/PRKX/CITED2/COL27A1/NRCAM/STRA6/PTPRM/AMOTL2/VSTM4/PARVA/TNFRSF12A/MYOCD/PDE3B/SPRY2/HDAC5/EGLN1/ADGRG1/DLL1/COL18A1/BMPER/VHL/MMP2/PXDN/VEZF1/SEMA3E/SASH1/NTRK2/THY1",63
"GO:0001944","GO:0001944","vasculature development","73/1080","421/10889",1.18704676147351e-06,0.00018063565218016,0.00015596458254346,"ISL1/ATP2B4/LGALS8/NRP2/TSPAN18/RNF213/VAV3/HEG1/SERPINF1/ARHGAP22/PGF/THBS4/TGFBI/MEIS1/SHC1/ITGB8/CCN2/ANXA2/EPHB1/COL5A1/ZFAND5/ITGAV/CFLAR/PKD1/SEMA6A/CALCRL/UNC5B/PPP1R16B/CHRNA7/TBX3/APOE/EGR1/SGCD/ABCC8/WASF2/ARHGAP24/SIX1/GLUL/RSPO3/LUZP1/PLXND1/MINAR1/STARD13/SEMA5A/PRKX/CITED2/COL27A1/NRCAM/STRA6/PTPRM/AMOTL2/KIT/VSTM4/PARVA/TNFRSF12A/MYOCD/PDE3B/SPRY2/TAB1/HDAC5/EGLN1/ADGRG1/DLL1/COL18A1/BMPER/VHL/MMP2/PXDN/VEZF1/SEMA3E/SASH1/NTRK2/THY1",73
"GO:0042692","GO:0042692","muscle cell differentiation","49/1080","245/10889",1.20853469344443e-06,0.00018063565218016,0.00015596458254346,"ISL1/SHOX2/AKAP13/NRG1/DOCK5/MEIS1/LAMA2/H3-3A/ADAMTS5/FZD7/LAMB1/KRT8/FHOD3/ALPK3/IGFBP5/CFLAR/SLC8A1/RGS4/PIEZO1/H3-3B/DOCK1/TBX3/SGCD/ADRA1A/PRKG1/PDLIM5/SIX1/LAMB2/KIT/MTPN/MYOCD/WDR1/AKIRIN2/RBPMS2/SMARCD3/TANC1/HDAC5/PLEKHO1/DLL1/MORF4L2/CNTNAP1/RBM24/ACTN4/DNER/OLFM2/IFRD1/KDM1A/FLII/SORBS2",49
"GO:0034329","GO:0034329","cell junction assembly","58/1080","310/10889",1.29991441912625e-06,0.000188026330818132,0.000162345848337737,"NTNG2/LRRN1/SDK1/S100A10/LRRN3/GPM6A/PCDHB2/TLN2/CDHR3/CLSTN2/EPHB1/CTNNA1/ST8SIA2/CDH8/VCL/COL17A1/SLK/ASIC2/GABRA2/GRID2/PKP4/CDH7/IL1RAP/SORBS1/MDGA1/DST/SRC/PDLIM5/SLITRK3/PEAK1/EPB41L3/PCDH17/SIX1/ZDHHC2/GPBAR1/SLIT1/SPOCK2/PLXND1/NTRK1/CDH22/LRFN5/NRCAM/CDH18/ACHE/PTPN13/NRG3/NRXN1/WDR1/PTPRD/RAPGEF1/ADNP/CNTNAP1/NLGN1/DNER/GRIA1/CDH6/NTRK2/THY1",58
"GO:0001568","GO:0001568","blood vessel development","70/1080","400/10889",1.40172737402146e-06,0.000196417048284757,0.000169590568475359,"ISL1/ATP2B4/NRP2/TSPAN18/RNF213/VAV3/HEG1/SERPINF1/ARHGAP22/PGF/THBS4/TGFBI/MEIS1/SHC1/ITGB8/CCN2/ANXA2/EPHB1/COL5A1/ITGAV/CFLAR/PKD1/SEMA6A/CALCRL/UNC5B/PPP1R16B/CHRNA7/TBX3/APOE/EGR1/SGCD/ABCC8/WASF2/ARHGAP24/SIX1/GLUL/RSPO3/LUZP1/PLXND1/MINAR1/STARD13/SEMA5A/PRKX/CITED2/COL27A1/NRCAM/STRA6/PTPRM/AMOTL2/VSTM4/PARVA/TNFRSF12A/MYOCD/PDE3B/SPRY2/TAB1/HDAC5/EGLN1/ADGRG1/DLL1/COL18A1/BMPER/VHL/MMP2/PXDN/VEZF1/SEMA3E/SASH1/NTRK2/THY1",70
"GO:0050890","GO:0050890","cognition","46/1080","226/10889",1.53960245367341e-06,0.000203046394184457,0.00017531448373408,"SYT11/MAP1A/CCND2/SERPINF1/BRINP1/CAMK4/PLCB1/GRIN2B/GRIN1/CLSTN2/RELN/EGFR/CALB1/CHRNA7/APOE/PRKAR1B/ADCY8/ABCC8/CAMK2N1/PAK5/GPR158/SRC/SLC1A4/CNR1/NTRK1/TUBA1A/JPH4/ATXN1/STRA6/KIT/GPR155/ATP8A1/NRXN1/PRKCG/TAFA2/TNR/KAT2B/ADORA1/TANC1/SYT4/KCNK10/ADNP/GPI/GRIA1/NTRK2/B2M",46
"GO:0030900","GO:0030900","forebrain development","56/1080","298/10889",1.71664613424461e-06,0.000219926893312938,0.000189889458097795,"ISL1/ATP2B4/PCSK1/NRP2/KCNC2/CHD5/UNCX/PLCB1/DRAXIN/PCDH9/ID4/SSTR1/LAMB1/CDK6/LHX1/SALL1/TOX/RELN/FAT4/EGFR/AKNA/BTBD3/DAB1/HAP1/TBX3/NHLH2/MDGA1/PRKG1/NEUROD1/TOP2B/OTX2/SRC/ATAT1/YWHAE/SLIT1/PAX5/SEMA5A/TUBA1A/EFNA2/NRG3/DCLK1/AKIRIN2/XRN2/TNR/SYNE2/SSTR3/TRA2B/ADGRG1/CEP120/GRIA1/SEMA3E/KDM1A/CDK5R1/DISC1/NTRK2/B2M",56
"GO:0007611","GO:0007611","learning or memory","42/1080","200/10889",1.87575241890647e-06,0.000233635384621573,0.00020172565487538,"SYT11/MAP1A/CCND2/SERPINF1/BRINP1/CAMK4/PLCB1/GRIN2B/GRIN1/CLSTN2/RELN/EGFR/CALB1/CHRNA7/APOE/PRKAR1B/ADCY8/ABCC8/CAMK2N1/PAK5/SRC/CNR1/NTRK1/TUBA1A/JPH4/ATXN1/STRA6/KIT/ATP8A1/NRXN1/PRKCG/TAFA2/TNR/KAT2B/TANC1/SYT4/KCNK10/ADNP/GPI/GRIA1/NTRK2/B2M",42
"GO:0007610","GO:0007610","behavior","74/1080","437/10889",2.49961613176814e-06,0.000302926452293198,0.000261553005196108,"NR4A3/SDK1/SYT11/MAP1A/CCND2/PIRT/NR3C1/SEZ6/VPS13A/HTR1B/SERPINF1/BRINP1/ZFHX3/CAMK4/ADAM11/THBS4/CEND1/MEIS1/OPRM1/PLCB1/GRIN2B/GRIN1/CLSTN2/SPTBN4/RELN/EGFR/CALB1/CHRNA5/DAB1/CHRNA7/APOE/NHLH2/EGR1/HDAC2/PRKAR1B/ADCY8/ABCC8/DACH1/KCNQ3/PER3/CAMK2N1/PAK5/ASIC4/SRC/GLS/PCDH17/CNR1/NTRK1/PAX5/KCND2/TUBA1A/JPH4/ATXN1/STRA6/KIT/ATP8A1/NRXN1/PRKCG/TAFA2/TNR/KAT2B/ADORA1/TANC1/SYT4/KCNK10/ADNP/GPI/NLGN1/GLRB/ATP8A2/GRIA1/NTRK2/B2M/DCTN1",74
"GO:0001525","GO:0001525","angiogenesis","55/1080","295/10889",2.73203972410121e-06,0.000322380687443943,0.000278350196821171,"ISL1/ATP2B4/NRP2/TSPAN18/RNF213/VAV3/SERPINF1/ARHGAP22/PGF/THBS4/TGFBI/MEIS1/SHC1/ITGB8/CCN2/ANXA2/EPHB1/ITGAV/SEMA6A/CALCRL/UNC5B/PPP1R16B/CHRNA7/ABCC8/WASF2/ARHGAP24/GLUL/RSPO3/PLXND1/MINAR1/STARD13/SEMA5A/PRKX/COL27A1/NRCAM/PTPRM/AMOTL2/VSTM4/PARVA/TNFRSF12A/PDE3B/SPRY2/HDAC5/EGLN1/ADGRG1/DLL1/COL18A1/BMPER/VHL/MMP2/PXDN/VEZF1/SEMA3E/SASH1/THY1",55
"GO:0003013","GO:0003013","circulatory system process","57/1080","310/10889",2.83371644962554e-06,0.000325804732310793,0.000281306588440559,"ISL1/ATP2B4/SHOX2/AKAP12/PLCB3/AKAP13/HEG1/HTR1B/DOCK5/RYR2/ATP2B2/ATP1B1/UTS2B/SPTBN4/GSTM2/DSG2/ZEB2/SLC8A1/HTR7/SLC7A5/RGS4/ASIC2/CTSZ/CHRNA7/APOE/SCPEP1/ITGA1/SCN2B/SGCD/KCNIP2/ADRA1A/ABCC8/PRKG1/NHERF1/CHGA/SRC/KCNJ12/YWHAE/PDE3A/SLC7A1/SLC1A4/CNR1/ADD3/KCND2/GCH1/NCALD/VSTM4/ATP8A1/KAT2B/ADORA1/RNF207/ATP2B1/DOCK4/DLL1/MMP2/ATP1A1/SLC2A3",57
"GO:0008015","GO:0008015","blood circulation","49/1080","253/10889",3.16590688060665e-06,0.000354898161316006,0.000306426460707139,"ISL1/ATP2B4/SHOX2/AKAP12/PLCB3/HTR1B/DOCK5/RYR2/ATP2B2/ATP1B1/UTS2B/SPTBN4/GSTM2/DSG2/ZEB2/SLC8A1/HTR7/RGS4/ASIC2/CTSZ/CHRNA7/APOE/SCPEP1/ITGA1/SCN2B/SGCD/KCNIP2/ADRA1A/ABCC8/PRKG1/CHGA/SRC/KCNJ12/YWHAE/PDE3A/CNR1/ADD3/KCND2/GCH1/NCALD/VSTM4/KAT2B/ADORA1/RNF207/ATP2B1/DOCK4/DLL1/MMP2/ATP1A1",49
"GO:0044057","GO:0044057","regulation of system process","55/1080","299/10889",4.17602769039086e-06,0.000456714833261283,0.000394337094871825,"ISL1/ATP2B4/NR4A3/GALR1/SHOX2/DOCK5/RYR2/ATP2B2/GRIN2B/ATP1B1/GRIN1/ANXA6/SPTBN4/GSTM2/DSG2/IGFBP5/RELN/MGLL/SLC8A1/RGS4/ASIC2/CHRNA7/APOE/PRKAR1B/SCN2B/KCNIP2/ADRA1A/ABCC8/PRKG1/NEUROD1/NHERF1/CHGA/KCNJ12/YWHAE/GLS/ADD3/KCND2/GCH1/KIT/IL6ST/MTPN/NRXN1/PHOX2B/MYOCD/TNR/HIP1R/ADORA1/RNF207/WASF3/ATP2B1/CELF4/DOCK4/NLGN1/MMP2/ATP1A1",55
"GO:0007416","GO:0007416","synapse assembly","35/1080","160/10889",5.1457944412699e-06,0.000536598657550099,0.000463310451774558,"NTNG2/LRRN1/SDK1/LRRN3/GPM6A/PCDHB2/CLSTN2/EPHB1/ST8SIA2/ASIC2/GABRA2/GRID2/IL1RAP/MDGA1/PDLIM5/SLITRK3/PCDH17/SIX1/ZDHHC2/SLIT1/SPOCK2/PLXND1/NTRK1/LRFN5/NRCAM/ACHE/PTPN13/NRG3/NRXN1/PTPRD/ADNP/NLGN1/DNER/GRIA1/NTRK2",35
"GO:1902074","GO:1902074","response to salt","46/1080","241/10889",9.41905073649231e-06,0.000879896322967323,0.000759720802824972,"ATP2B4/PCSK1/SDK1/SYT11/CPNE9/HTR1B/CPNE7/OPRM1/RYR2/PLCB1/ANXA11/SYT1/ST8SIA2/KRT8/RYR3/SYT10/RGS4/CHRNA7/EGR1/HDAC2/LY6H/ADCY8/KCNIP2/TOP2B/GLDC/KCNQ3/SIX1/GIPR/CNR1/NTRK1/TUBA1A/ACHE/CPNE3/PRKCG/SYT5/SYT6/SYT4/HDAC5/KCNB1/COL18A1/NLGN1/GRIA1/NEK7/CDK5R1/RGS8/B2M",46
"GO:0051146","GO:0051146","striated muscle cell differentiation","36/1080","172/10889",1.08749128906138e-05,0.000975262188030247,0.000842061676035319,"ISL1/SHOX2/AKAP13/NRG1/DOCK5/MEIS1/ADAMTS5/FZD7/KRT8/FHOD3/ALPK3/IGFBP5/CFLAR/SLC8A1/RGS4/PIEZO1/DOCK1/TBX3/SGCD/ADRA1A/PRKG1/PDLIM5/SIX1/MTPN/MYOCD/WDR1/TANC1/HDAC5/PLEKHO1/DLL1/MORF4L2/CNTNAP1/RBM24/DNER/FLII/SORBS2",36
"GO:0003018","GO:0003018","vascular process in circulatory system","31/1080","139/10889",1.16598622672722e-05,0.00100543889243171,0.000868116870830513,"ATP2B4/AKAP12/HTR1B/DOCK5/UTS2B/ZEB2/SLC8A1/HTR7/SLC7A5/ASIC2/APOE/SCPEP1/ITGA1/ADRA1A/ABCC8/PRKG1/NHERF1/SRC/PDE3A/SLC7A1/SLC1A4/ADD3/GCH1/VSTM4/ATP8A1/KAT2B/ADORA1/ATP2B1/DOCK4/MMP2/SLC2A3",31
"GO:0042391","GO:0042391","regulation of membrane potential","53/1080","296/10889",1.38697823431281e-05,0.00117343592502994,0.00101316900611768,"GRIN3A/SEZ6/SLC1A6/KCNC2/RYR2/GRIN2B/ATP1B1/GRIN1/GRIK4/GRIA2/DSG2/RELN/CHRNA6/SLC8A1/RGS4/PIEZO1/ASIC2/GABRA2/GRID2/CHRNA5/CHRNA7/HTR3A/PRKAR1B/SCN2B/KCNIP2/ADRA1A/KCNQ3/SRC/YWHAE/CNR1/KCND2/NRCAM/IFI6/GRIA4/NRXN1/PHOX2B/KCNK12/GLRA2/WDR1/ADORA1/RNF207/KCNK10/CELF4/CNTNAP1/KCNB1/NLGN1/GLRB/GRIA1/RNF122/ATP1A1/SCN8A/NTRK2/HCN2",53
"GO:0045664","GO:0045664","regulation of neuron differentiation","31/1080","143/10889",2.1222457399114e-05,0.00176224998106717,0.00152156331995987,"ISL1/RET/POU4F2/BRINP1/ZFHX3/NREP/ISL2/DTX1/MEIS1/ETV5/ID4/RELN/DAB1/PCP4/TCF4/ARHGEF2/NEUROD1/SIX1/FGFR1/NRCAM/PHOX2B/REST/NAP1L2/ZC4H2/BEND6/TUNAR/DLL1/NLGN1/MYCL/CDK5R1/B2M",31
"GO:0090596","GO:0090596","sensory organ morphogenesis","34/1080","166/10889",3.04677213803567e-05,0.00229453968495238,0.00198115333143689,"SDK1/FAT1/SIX2/MEIS1/RORB/PAX2/EPHB1/LHX1/WHRN/COL5A1/INSIG1/CALB1/TBX3/CRB1/HDAC2/NHERF1/SIX1/CITED2/STRA6/PTPRM/MAN2A1/SPRY2/RPL38/FAT3/DLL1/COL5A2/TFAP2A/HMGN1/ATP8A2/VHL/MFAP2/NTRK2/THY1/PHACTR4",34
"GO:0048729","GO:0048729","tissue morphogenesis","63/1080","383/10889",3.52850658612907e-05,0.00255190702132303,0.00220336964750131,"ISL1/SHOX2/NR3C1/NRP2/RET/FAT1/HEG1/SPRY1/NRG1/SIX2/TLX2/PAX2/MET/RYR2/LAMA5/LMO4/IRX2/ADAMTS5/COBL/FZD7/TNC/ID4/VCL/LHX1/SALL1/COL5A1/IGFBP5/PKD1/EGFR/MICAL2/CTSZ/TBX3/NHERF1/ARHGAP24/SRC/SIX1/JAG2/RSPO3/LUZP1/PLXND1/STARD13/PRKX/GCNT1/CITED2/DAAM1/MSN/IFT52/PCDH8/CECR2/WDR1/FRAS1/SPRY2/RNF207/DLG3/EGLN1/DLL1/TFAP2A/GPI/MMP2/SEMA3E/VANGL2/PHACTR4/RAB10",63
"GO:0051962","GO:0051962","positive regulation of nervous system development","40/1080","210/10889",3.72631940338354e-05,0.00265219304837648,0.00228995869100161,"LRRN1/TRPV2/SHOX2/LRRN3/POU4F2/SERPINF1/OPRM1/ETV5/CLSTN2/EPHB1/ID4/ST8SIA2/RELN/SLC7A5/ISLR2/ASIC2/GRID2/HAP1/IL1RAP/PLXNC1/HDAC2/SLITRK3/PLXND1/NTRK1/SEMA5A/KIT/MAN2A1/IL6ST/NRXN1/NCAN/PTPRD/EIF4G2/SMARCD3/VCAN/ADNP/NLGN1/KDM1A/DISC1/NTRK2/TIAM2",40
"GO:0060560","GO:0060560","developmental growth involved in morphogenesis","38/1080","197/10889",4.34560027017058e-05,0.00301846799941038,0.00260620810879181,"TRPV2/NRP2/CPNE9/POU4F2/SPRY1/UNC13A/DRAXIN/COBL/TNC/SYT1/ST8SIA2/VCL/LHX1/SALL1/SEMA6A/ISLR2/APOE/AUTS2/PRKG1/SEMA5B/SIX1/LAMB2/SLIT1/SEMA5A/DCC/NRCAM/NRN1/ALCAM/DCLK1/SPRY2/EIF4G2/ITGA4/TNR/SYT4/ADNP/IFRD1/SEMA3E/DISC1",38
"GO:0010975","GO:0010975","regulation of neuron projection development","61/1080","370/10889",4.37556690369479e-05,0.00301846799941038,0.00260620810879181,"NTNG2/UST/TRPV2/SHOX2/SEZ6/RET/POU4F2/SERPINF1/LRRC4C/TLX2/FUT9/DRAXIN/COBL/STMN2/PREX1/TOX/RELN/CFLAR/SEMA6A/ISLR2/GRID2/DAB1/APOE/PLXNC1/HDAC2/SEMA5B/PDLIM5/SLIT1/CSMD3/PTPRG/SIPA1L1/CNR1/PLXND1/NTRK1/MINAR1/SEMA5A/DCC/PLPPR5/NRCAM/CHN1/DPYSL5/PTPRD/EIF4G2/TNR/RAPGEF1/KAT2B/TRIM67/GPC2/FAT3/ADNP/NLGN1/ATP8A2/IFRD1/SEMA3E/KDM1A/CDK5R1/DISC1/NTRK2/THY1/TIAM2/B2M",61
"GO:0051056","GO:0051056","regulation of small GTPase mediated signal transduction","41/1080","219/10889",4.53126513122709e-05,0.00307851406794277,0.00265805313439445,"ARAP1/VAV3/AKAP13/HEG1/SPRY1/ARHGAP22/STMN1/MET/DENND3/PLEKHG3/PREX1/ITGAV/RELN/SPRY4/CHN2/FAM13A/RASGRF2/APOE/ARHGEF2/AUTS2/ARHGAP24/SRC/SIPA1L1/CADM4/NTRK1/STARD13/GIT2/ARHGAP20/CYRIB/ARHGAP26/CHN1/CBL/FGD5/LPAR4/SPRY2/TRIM67/ARHGAP18/ADGRG1/ARHGEF40/PSD2/TIAM2",41
"GO:0007169","GO:0007169","transmembrane receptor protein tyrosine kinase signaling pathway","64/1080","395/10889",4.90544952224097e-05,0.00323471112613655,0.00279291692613039,"PTPRT/NR4A3/MVP/NRP2/RET/SPRY1/STAT6/NRG1/PGF/STMN1/MET/SHC1/PLCB1/CCN2/EPHB1/GRB10/SOCS4/IGFBP5/ZFAND5/SPRY4/UBASH3B/EGFR/SEMA6A/GFRA2/HAP1/ITGA1/PIK3R1/SORBS1/REPS2/NHERF1/OTX2/PRLR/PRDM14/SRC/FGFR1/KLB/PTPRG/SIPA1L1/CADM4/NTRK1/SOCS5/ZNF592/KIT/IFI6/EFNA2/CHN1/CBL/SMARCC1/NRG3/CSRNP1/CPNE3/MYOCD/SHC2/SPRY2/RAPGEF1/HIP1R/DLL1/EFNB1/DDIT4/MMP2/IRS4/CDK5R1/NTRK2/INPPL1",64
"GO:0050767","GO:0050767","regulation of neurogenesis","50/1080","287/10889",5.0780315051653e-05,0.00329998453176249,0.00284927534340167,"TRPV2/S100A10/SHOX2/POU4F2/SERPINF1/BRINP1/TLX2/OPRM1/DRAXIN/ETV5/ANXA2/ID4/CTNNA1/RELN/SEMA6A/SLC7A5/ISLR2/DAB1/HAP1/PLXNC1/HDAC2/ABCC8/SEMA5B/SLIT1/PLXND1/SEMA5A/DCC/KIT/MAN2A1/IL6ST/DPYSL5/REST/NCAN/PTPRD/EIF4G2/TNR/SMARCD3/SYT4/VCAN/DLL1/ADNP/IFRD1/SEMA3E/KDM1A/DISC1/NTRK2/THY1/TIAM2/B2M/CDKN2B",50
"GO:0001667","GO:0001667","ameboidal-type cell migration","48/1080","275/10889",6.8013928493156e-05,0.00417773226525085,0.00360714100934143,"ISL1/ATP2B4/LGALS8/AKAP12/NRP2/RET/SERPINF1/DOCK5/MET/LAMA5/CENPV/ANXA6/ZFAND5/MCC/ZEB2/SEMA6A/DOCK1/FSTL1/APOE/TIMP1/NHERF1/WASF2/SEMA5B/SRC/FGFR1/GLUL/PTPRG/PLXND1/STARD13/SEMA5A/PRKX/PTPRM/AMOTL2/KIT/SVBP/HMGB1/VSTM4/PHOX2B/ITGA4/HDAC5/GPI/EFNB1/BMPER/VHL/MTA2/SEMA3E/SASH1/PHACTR4",48
"GO:0048588","GO:0048588","developmental cell growth","37/1080","195/10889",7.84029685089408e-05,0.00468745214392121,0.00404724376387206,"TRPV2/NRP2/CPNE9/POU4F2/UNC13A/MEIS1/DRAXIN/COBL/SYT1/ST8SIA2/VCL/SEMA6A/RGS4/ISLR2/APOE/AUTS2/ADRA1A/PRKG1/SEMA5B/PDLIM5/LAMB2/SLIT1/SEMA5A/DCC/NRCAM/NRN1/ALCAM/DCLK1/EIF4G2/ITGA4/TNR/SYT4/ADNP/IFRD1/SEMA3E/SORBS2/DISC1",37
"GO:0043269","GO:0043269","regulation of monoatomic ion transport","51/1080","301/10889",9.00272260951834e-05,0.0051754113052667,0.00446855786205242,"ATP2B4/KCNC3/TRPV2/UTRN/PIRT/CACNA1E/HTR1B/CACNA1B/KCNC2/FXYD6/YWHAQ/RYR2/GRIN2B/ATP1B1/GRIN1/SPTBN4/GSTM2/RELN/UBASH3B/SLC8A1/CYBA/RGS4/ASIC2/HAP1/STAC/SCN2B/KCNIP2/ABCC8/KCNQ3/NHERF1/LRRC55/GCK/KCNJ12/YWHAE/CNR1/KCND2/JPH4/KCND1/KCNK12/DPP10/ADORA1/RNF207/ATP2B1/KCNK10/KCNB1/ACTN4/ATP1A1/SCN8A/THY1/HCN2/B2M",51
"GO:0031589","GO:0031589","cell-substrate adhesion","39/1080","211/10889",9.19637057655334e-05,0.00521981337535002,0.00450689553371928,"S100A10/UTRN/ONECUT1/EGFLAM/DOCK5/LAMA5/CARMIL1/ITGB8/FZD7/CCN2/EPHB1/LAMB1/CDK6/VCL/PREX1/COL17A1/GCNT2/ITGAV/SPRY4/PKD1/SLK/DOCK1/ITGA1/PIK3R1/SORBS1/SRC/PEAK1/SPOCK2/PRKX/SORBS3/PARVA/ITGA7/ITGA4/ACTN4/EPDR1/SEMA3E/DISC1/ITGA9/THY1",39
"GO:0045596","GO:0045596","negative regulation of cell differentiation","66/1080","421/10889",0.000104358083154254,0.0056062617967043,0.00484056314575295,"ISL1/POU4F2/SPRY1/BRINP1/SIX2/IL17RD/ISL2/DTX1/MEIS1/TLX2/RORB/DRAXIN/FZD7/C1QL4/SRSF6/EPHB1/ID4/CTNNA1/CDK6/COL5A1/IGFBP5/ITGAV/UBASH3B/LBH/EGFR/SEMA6A/INSIG1/RGS4/CBFB/DAB1/TBX3/PIK3R1/ABCC8/SEMA5B/SLIT1/SOCS5/SEMA5A/DCC/HMGB1/TSC22D1/DPYSL5/SMARCC1/PHOX2B/MYOCD/SLC4A2/REST/RBPMS2/SPRY2/TNR/SYT4/TUNAR/HDAC5/DLL1/COL5A2/S1PR3/VHL/IFRD1/SEMA3E/MAD2L2/BCL7A/ACTL6A/THY1/PTGR3/B2M/SINHCAF/CDKN2B",66
"GO:0003012","GO:0003012","muscle system process","42/1080","238/10889",0.000148230009443992,0.00738514847052068,0.00637649093257314,"ATP2B4/NR4A3/UTRN/DOCK5/MEIS1/RYR2/ATP1B1/ANXA6/RYR3/GSTM2/DSG2/IGFBP5/TPM4/CFLAR/SLC8A1/CYBA/HTR7/RGS4/TBX3/STAC/HDAC2/SCN2B/SGCD/KCNIP2/ADRA1A/ABCC8/PRKG1/CHGA/PDLIM5/KCNJ12/KCND2/KIT/IL6ST/MTPN/MYOCD/ADORA1/RNF207/ATP2B1/DOCK4/ATP8A2/ATP1A1/SORBS2",42
"GO:0009617","GO:0009617","response to bacterium","42/1080","238/10889",0.000148230009443992,0.00738514847052068,0.00637649093257314,"B3GALT5/PCSK1/PLAAT3/SYT11/AKAP12/RNF213/GPM6A/CD24/SHC1/ADAMTS5/RPL39/MALT1/CYBA/SLC7A5/PELI1/GSTP1/SPON2/PALM3/PPM1D/HDAC2/ABCC8/CHGA/PRLR/SRC/H2BC12/CNR1/GCH1/MAVS/CYRIB/HMGB1/PLA2G6/RPL30/OCIAD2/TMEM255A/AKIRIN2/ASS1/NQO1/TENT5A/HDAC5/HNRNPA0/SASH1/B2M",42
"GO:0007015","GO:0007015","actin filament organization","53/1080","323/10889",0.000154964873554579,0.00763585157163441,0.0065929532091815,"EZR/S100A10/ARAP1/MARCKS/FAT1/TMSB10/INF2/STMN1/PLS3/MET/CARMIL1/TMSB15A/COBL/CCN2/FHOD3/TAGLN2/SPTBN4/PREX1/TPM4/ZEB2/MICAL2/RGS4/SYNPO2/RND3/CAP2/PIK3R1/SORBS1/ARHGEF2/MEGF9/WASF2/SRC/SPTBN1/MARCKSL1/ADD3/SEMA5A/TENM1/CYRIB/MAGEL2/WIPF1/SORBS3/MTPN/RHOBTB1/WDR1/KASH5/ELMO1/HIP1R/WASF3/ARHGAP18/LATS1/TTC17/MAD2L2/FLII/INPPL1",53
"GO:0048598","GO:0048598","embryonic morphogenesis","60/1080","379/10889",0.000162512075993591,0.00783552848123937,0.00676535840978412,"MAB21L2/NR4A3/SHOX2/HSBP1/RET/SATB2/SIX2/DUSP4/TLX2/PAX2/RYR2/LAMA5/LMO4/IRX2/COBL/FZD7/LAMB1/LHX1/SALL1/WHRN/HOXC4/COL5A1/ITGAV/INSIG1/MICAL2/MMP16/TBX3/HDAC2/YBX1/NEUROD1/NHERF1/OTX2/SIX1/JAG2/RSPO3/LUZP1/PAX5/CITED2/STRA6/IFT52/PCDH8/CECR2/ITGA7/RBPMS2/FRAS1/SPRY2/ITGA4/RNF207/AFF3/RPL38/LATS1/DLL1/COL5A2/TFAP2A/GPI/ATP8A2/MFAP2/MMP2/VANGL2/PHACTR4",60
"GO:0048167","GO:0048167","regulation of synaptic plasticity","32/1080","166/10889",0.000172230128192467,0.00821574356186191,0.00709364402566508,"SHISA6/MAP1A/CPLX2/GRIN2B/GRIN1/SLC18A3/RELN/CALB1/RASGRF2/GRID2/CHRNA7/SYNGR1/APOE/ERC1/PRKAR1B/ADCY8/NCDN/CHRDL1/KCNQ3/ZDHHC2/SIPA1L1/CRHR2/JPH4/KIT/SORCS2/PRKCG/TNR/ADORA1/SYT4/KCNB1/GRIA1/NTRK2",32
"GO:0060537","GO:0060537","muscle tissue development","43/1080","248/10889",0.000186532271563861,0.00843888614106758,0.00728630997390642,"ISL1/MSC/SHOX2/HIVEP3/AKAP13/HEG1/NRG1/MEIS1/RYR2/FZD7/IGSF8/EPHB1/FHOD3/ALPK3/DSG2/IGFBP5/ZFAND5/CFLAR/SLC8A1/RGS4/TBX3/HLF/EGR1/SGCD/ADRA1A/PRKG1/PDLIM5/SIX1/PPARGC1A/PAX5/CITED2/STRA6/MTPN/PHOX2B/MYOCD/ZBTB18/EGLN1/DLL1/CNTNAP1/RBM24/DNER/IFRD1/SORBS2",43
"GO:0030855","GO:0030855","epithelial cell differentiation","58/1080","365/10889",0.000187945111221214,0.00843888614106758,0.00728630997390642,"EZR/PLAAT3/CCDC88C/ONECUT1/FAT1/HEG1/SPRY1/NRG1/SIX2/CD24/PAX2/MET/PLCB1/FZD7/SRSF6/CDK6/NR5A2/VCL/LHX1/TAGLN2/SALL1/WHRN/CFLAR/LBH/FSTL1/PPP1R16B/TBX3/HDAC2/NEUROD1/NHERF1/NUMA1/MACROH2A2/PRLR/SRC/SIX1/JAG2/LAMB2/NTRK1/PRKX/COL27A1/GSDME/ARHGEF26/MSN/IL6ST/FRMD6/SPRY2/RAPGEF1/LATS1/DLL1/COL18A1/S1PR3/VHL/ASAH1/VEZF1/MYCL/TUBB/CDKN2B/RAB10",58
"GO:0007264","GO:0007264","small GTPase mediated signal transduction","59/1080","373/10889",0.000188199958542988,0.00843888614106758,0.00728630997390642,"ARAP1/CCDC88C/VAV3/AKAP13/HEG1/SPRY1/ARHGAP22/DOCK5/YWHAQ/STMN1/MET/RAPGEF4/DENND3/PLEKHG3/PREX1/ITGAV/RELN/SPRY4/CHN2/DOCK9/FAM13A/RASGRF2/DOCK1/RND3/DAB1/APOE/ARHGEF2/RERG/AUTS2/WASF2/ARHGAP24/SRC/SIPA1L1/CADM4/NTRK1/STARD13/GIT2/ARHGAP20/CYRIB/ARHGAP26/CHN1/RHOBTB1/CBL/FGD5/LPAR4/GDI2/SPRY2/ELMO1/RAPGEF1/TRIM67/ARHGAP18/DOCK4/ADGRG1/RAB15/ARHGEF40/DOCK6/PSD2/PHACTR4/TIAM2",59
"GO:0002009","GO:0002009","morphogenesis of an epithelium","53/1080","326/10889",0.00019690038296483,0.00874159720014157,0.00754767700411303,"NR3C1/RET/FAT1/SPRY1/SIX2/PAX2/MET/RYR2/LAMA5/LMO4/IRX2/COBL/FZD7/TNC/ID4/VCL/LHX1/SALL1/COL5A1/IGFBP5/PKD1/EGFR/MICAL2/CTSZ/TBX3/NHERF1/ARHGAP24/SRC/SIX1/JAG2/RSPO3/LUZP1/PLXND1/STARD13/PRKX/CITED2/DAAM1/MSN/IFT52/PCDH8/CECR2/WDR1/FRAS1/SPRY2/RNF207/DLG3/DLL1/TFAP2A/MMP2/SEMA3E/VANGL2/PHACTR4/RAB10",53
"GO:0043523","GO:0043523","regulation of neuron apoptotic process","31/1080","161/10889",0.000220988040326294,0.00962048905653497,0.00830653052958722,"ISL1/PCDHGC4/NR3C1/CLU/FAIM2/DRAXIN/ST8SIA2/UNC5B/GRID2/APOE/ITGA1/EGR1/EN2/SIX1/PCDHGC3/PPARGC1A/PLXND1/NTRK1/MSH2/IL6ST/PRKCG/TOX3/NQO1/SET/ADNP/TFAP2A/GPI/KCNB1/SEMA3E/CDK5R1/NTRK2",31
"GO:0007600","GO:0007600","sensory perception","44/1080","258/10889",0.000231173736126983,0.00991922898024021,0.00856446879884584,"TRPM8/TRPV2/POU4F2/TGFBI/RORB/OPRM1/PAX2/ATP2B2/EML2/FBXO11/DRGX/EPHB1/POU6F2/SYT10/SPTBN4/WHRN/MGLL/ASIC2/CHRNA7/CRB1/EYS/KCNQ3/NHERF1/SEMA5B/SIX1/LAMB2/NTRK1/KCND2/CCDC50/GSDME/KIT/CNGA3/PLCB2/WDR1/SPRY2/ADORA1/RPL38/TFAP2A/COL18A1/GLRB/TIMP3/ATP8A2/PPEF1/B2M",44
"GO:1901699","GO:1901699","cellular response to nitrogen compound","68/1080","449/10889",0.000234406312093707,0.00991922898024021,0.00856446879884584,"ATP2B4/EZR/NR4A3/POU4F2/STAT6/HTR1B/LPIN3/KCNC2/OPRM1/SHC1/RYR2/PLCB1/CTNNA1/GRB10/GNG2/RYR3/GSTM2/IGFBP5/CFLAR/SLC8A1/EGFR/HTR7/INSIG1/SLC7A5/RGS4/CHRNA7/PIK3R1/EGR1/HDAC2/LY6H/HTR3A/ADCY8/SORBS1/ARHGEF2/TOP2B/NHERF1/NSG2/SRC/GCK/SIX1/PDE3A/CRHR2/MAVS/ZNF592/RAB31/ACHE/SMARCC1/GLRA2/PDE3B/ITGA4/RAPGEF1/KAT2B/ASS1/KLF16/ATP2B1/HDAC5/COL5A2/MTR/GRIA1/MMP2/IRS4/KDM1A/CDK5R1/SH3BP4/NTRK2/HCN2/RGS8/RAB10",68
"GO:0071417","GO:0071417","cellular response to organonitrogen compound","65/1080","425/10889",0.000242274348879568,0.0101528801904297,0.00876620811784604,"ATP2B4/EZR/NR4A3/POU4F2/STAT6/HTR1B/LPIN3/OPRM1/SHC1/RYR2/PLCB1/CTNNA1/GRB10/GNG2/RYR3/GSTM2/IGFBP5/CFLAR/SLC8A1/EGFR/HTR7/INSIG1/SLC7A5/RGS4/CHRNA7/PIK3R1/EGR1/HDAC2/LY6H/HTR3A/ADCY8/SORBS1/ARHGEF2/TOP2B/NHERF1/NSG2/SRC/GCK/SIX1/PDE3A/CRHR2/ZNF592/RAB31/ACHE/SMARCC1/GLRA2/PDE3B/ITGA4/RAPGEF1/KAT2B/ASS1/KLF16/ATP2B1/HDAC5/COL5A2/GRIA1/MMP2/IRS4/KDM1A/CDK5R1/SH3BP4/NTRK2/HCN2/RGS8/RAB10",65
"GO:0051402","GO:0051402","neuron apoptotic process","36/1080","199/10889",0.000262008287576454,0.0106421073725944,0.00918861705159914,"ISL1/PCDHGC4/NR3C1/CLU/FAIM2/DRAXIN/ST8SIA2/UNC5B/GRID2/CIT/APOE/ITGA1/EGR1/EN2/KCNQ3/SIX1/PCDHGC3/PPARGC1A/POLB/PLXND1/NTRK1/MSH2/TUBA1A/FAM162A/IL6ST/PRKCG/TOX3/NQO1/SET/ADNP/TFAP2A/GPI/KCNB1/SEMA3E/CDK5R1/NTRK2",36
"GO:0010035","GO:0010035","response to inorganic substance","53/1080","332/10889",0.000312909665310041,0.0124166985774356,0.0107208360410837,"ATP2B4/PCSK1/SYT11/CPNE9/STAT6/SERPINF1/KCNC2/CPNE7/PAX2/RYR2/PLCB1/ANXA11/SYT1/KRT8/RYR3/SYT10/CFLAR/EGFR/HDAC2/ADCY8/KCNIP2/ABCC8/TOP2B/KCNQ3/SRC/GIPR/NTRK1/GCH1/TUBA1A/NDRG1/KIT/CNGA3/PHOX2B/CPNE3/GLRA2/ASS1/NQO1/ADORA1/SYT5/SYT6/SYT4/EGLN1/ADNP/TFAP2A/GPI/MTR/KCNB1/COL18A1/NLGN1/GRIA1/MMP2/NEK7/B2M",53
"GO:0030001","GO:0030001","metal ion transport","73/1080","495/10889",0.000316669254780357,0.0124556573546941,0.0107544738604077,"ATP2B4/KCNC3/TRPM8/TRPV2/UTRN/TMEM163/GRIN3A/CACNA1E/PLCB3/CACNA1B/GPM6A/KCNC2/SLC12A1/FXYD6/OPRM1/RYR2/ATP2B2/PLCB1/GRIN2B/ATP1B1/GRIN1/ANXA2/ANXA6/RYR3/SPTBN4/GSTM2/ITGAV/UBASH3B/PKD1/SLC39A6/SLC8A1/CYBA/CALCRL/RGS4/ASIC2/CHRNA7/HAP1/STAC/SCN2B/KCNIP2/ADRA1A/ABCC8/KCNQ3/NHERF1/NIPAL2/LRRC55/ASIC4/GCK/KCNJ12/YWHAE/SLC10A4/SLC6A15/KCND2/JPH4/KCND1/KCNK12/SLC5A12/PLCB2/DPP10/ADORA1/RNF207/ATP2B1/KCNK10/NIPAL3/SLC17A7/KCNB1/ACTN4/ATP1A1/SCN8A/NOL3/THY1/HCN2/B2M",73
"GO:0099173","GO:0099173","postsynapse organization","31/1080","165/10889",0.000347285709444567,0.0133096506081149,0.0114918294137392,"NTNG2/EZR/SHISA6/NRP2/ARHGAP22/LAMA5/GRIN2B/EPHB1/RELN/GRID2/CHRNA7/APOE/IL1RAP/CHRDL1/WASF2/PDLIM5/SLITRK3/ZDHHC2/SIPA1L1/INA/NRCAM/NRXN1/PTPRD/HIP1R/TANC1/CNTNAP1/NLGN1/GLRB/VHL/CDK5R1/DISC1",31
"GO:0045785","GO:0045785","positive regulation of cell adhesion","41/1080","240/10889",0.00035945745834622,0.0136593834171563,0.0117937960017609,"NR4A3/S100A10/UTRN/RET/VAV3/EGFLAM/ZFHX3/DOCK5/CD24/LAMA2/CARMIL1/LAMB1/CDK6/MALT1/PREX1/GCNT2/ITGAV/PIEZO1/DOCK1/CBFB/SRC/LAMB2/SLC7A1/SPOCK2/SOCS5/GCNT1/CYRIB/CITED2/HMGB1/IL6ST/SMARCC1/ITGA4/FRMD5/SMARCD3/AP3D1/ADGRG1/EFNB1/DISC1/ACTL6A/THY1/B2M",41
"GO:0098655","GO:0098655","monoatomic cation transmembrane transport","72/1080","493/10889",0.000463387168454599,0.0163456655733116,0.0141131879380816,"ATP2B4/KCNC3/TRPM8/TRPV2/UTRN/TMEM163/GRIN3A/PIRT/CACNA1E/PLCB3/CACNA1B/UNC80/GPM6A/KCNC2/SLC12A1/FXYD6/OPRM1/RYR2/ATP2B2/PLCB1/SLC36A1/GRIN2B/ATP1B1/GRIN1/ANXA2/ANXA6/SLC18A3/RYR3/GSTM2/ITGAV/UBASH3B/PKD1/SLC39A6/SLC8A1/CYBA/RGS4/PIEZO1/ASIC2/CHRNA7/HAP1/STAC/SCN2B/KCNIP2/ADRA1A/ABCC8/KCNQ3/NIPAL2/LRRC55/ASIC4/KCNJ12/YWHAE/SLC6A15/KCND2/JPH4/KCND1/CNGA3/ATP8A1/KCNK12/PLCB2/DPP10/RNF207/ATP2B1/KCNK10/NIPAL3/SLC17A7/KCNB1/ACTN4/ATP1A1/SCN8A/NOL3/THY1/HCN2",72
"GO:0040013","GO:0040013","negative regulation of locomotion","39/1080","228/10889",0.000482486228825159,0.0165150248095573,0.0142594162283562,"ATP2B4/PTPRT/SERPINF1/PLCB1/CTNNA1/VCL/IGFBP5/MCC/ZEB2/SEMA6A/LRCH1/APOE/HDAC2/ABCC8/TIMP1/PRKG1/DACH1/NHERF1/SEMA5B/SLIT1/PTPRG/STARD13/SEMA5A/CD200/CITED2/PTPRM/SVBP/HMGB1/RBBP4/NRG3/MYOCD/FRMD5/ADORA1/HDAC5/ADGRG1/SEMA3E/SPOCK3/THY1/SINHCAF",39
"GO:0045321","GO:0045321","leukocyte activation","67/1080","454/10889",0.000542711115325597,0.0176300272230916,0.0152221325241868,"SAMSN1/NR4A3/SYT11/ONECUT1/VAV3/CLU/STAT6/CAMK4/CD24/CPLX2/DTX1/ITGB8/FZD7/EPHB1/CDK6/MALT1/PREX1/TOX/SLC39A6/PELI1/CBFB/CHRNA7/PIK3R1/EGR1/TOP2B/CHGA/PRLR/SRC/PLCL2/IKZF1/JAG2/SLC7A1/CNR1/NTRK1/SOCS5/PAX5/LRFN5/MSH2/MAPK8IP1/CYRIB/CD200/NDRG1/KIT/DHRS2/MSN/HMGB1/NFIL3/IL6ST/CBL/SMARCC1/KMT5B/SLC4A2/AKIRIN2/CMTM7/ITGA4/SMARCD3/AP3D1/HDAC5/HMCES/DLL1/TXLNA/EFNB1/BLOC1S6/MAD2L2/ACTL6A/THY1/B2M",67
"GO:0070588","GO:0070588","calcium ion transmembrane transport","35/1080","199/10889",0.000546515116862117,0.0176300272230916,0.0152221325241868,"ATP2B4/TRPM8/TRPV2/GRIN3A/CACNA1E/PLCB3/CACNA1B/GPM6A/OPRM1/RYR2/ATP2B2/PLCB1/GRIN2B/ATP1B1/GRIN1/ANXA2/ANXA6/RYR3/GSTM2/ITGAV/UBASH3B/PKD1/SLC8A1/CYBA/CHRNA7/HAP1/STAC/ADRA1A/YWHAE/JPH4/PLCB2/ATP2B1/SCN8A/NOL3/THY1",35
"GO:0051046","GO:0051046","regulation of secretion","56/1080","364/10889",0.000552977916911066,0.0176908140639979,0.0152746171480784,"ISL1/SV2B/PCSK1/SYT11/GALR1/S100A10/RAB3B/HTR1B/NRG1/CPLX2/OPRM1/PLCB1/RAPGEF4/ANXA2/SYT1/SLC18A3/SYT10/RAB3C/CHRNA6/CYBA/CHRNA7/HAP1/APOE/ADCY8/SNCAIP/ABCC8/PRKG1/NEUROD1/NHERF1/SV2C/CHGA/GPR158/GCK/GIPR/CNR1/PTPRN/CD200/CPLX1/ACHE/PLA2G6/REST/PRKCG/RAB27B/HIP1R/ADORA1/SYT5/SYT6/SYT4/TUNAR/SYBU/KCNB1/NLGN1/RAB15/RAB26/SEPTIN4/MYRIP",56
"GO:0048568","GO:0048568","embryonic organ development","43/1080","261/10889",0.000576984584536165,0.017842750876277,0.0154058025548023,"SHOX2/SATB2/SIX2/PAX2/RYR2/COBL/KRT8/LHX1/SALL1/WHRN/HOXC4/PKD1/EGFR/INSIG1/MICAL2/MMP16/TBX3/NEUROD1/EN2/NHERF1/SIX1/RSPO3/PAX5/CITED2/COL27A1/STRA6/KIT/IFT52/RBPMS2/SPRY2/PPIL1/RNF207/TRA2B/RPL38/EGLN1/DLL1/TFAP2A/PCDH12/COL18A1/ATP8A2/MFAP2/VANGL2/PHACTR4",43
"GO:1902903","GO:1902903","regulation of supramolecular fiber organization","46/1080","285/10889",0.000597887407999559,0.0179399896526332,0.0154897605386133,"MAP1A/S100A10/ARAP1/AKAP13/CLU/TMSB10/STMN1/MET/CARMIL1/TMSB15A/PDE4DIP/EML2/CCN2/FHOD3/STMN2/SPTBN4/PREX1/RGS4/SYNPO2/CHRNA7/APOE/PIK3R1/ARHGEF2/NUMA1/MEGF9/WASF2/SPTBN1/ADD3/MID1/SEMA5A/TENM1/CYRIB/MAGEL2/SORBS3/MTPN/WDR1/HDGFL3/HIP1R/WASF3/ARHGAP18/SPAST/LATS1/SLAIN1/CDK5R1/FLII/DCTN1",46
"GO:0042063","GO:0042063","gliogenesis","37/1080","217/10889",0.000708323921269649,0.0204303364648714,0.0176399778200378,"NR3C1/CLU/DTX1/PAX2/LAMA2/ETV5/ID4/LAMB1/CDK6/RELN/ZEB2/SLC45A3/SLC7A5/NAB2/DAB1/CRB1/HDAC2/ABCC8/NEUROD4/LAMB2/TUBA1A/NDRG1/IL6ST/PHOX2B/WDR1/NCAN/SYNE2/WASF3/VCAN/ADGRG1/DLL1/CNTNAP1/DNER/CDK5R1/DISC1/NTRK2/CDKN2B",37
"GO:0055074","GO:0055074","calcium ion homeostasis","33/1080","187/10889",0.000731499599402835,0.0207597734412805,0.0179244205636484,"ATP2B4/SV2B/TRPM8/PLCB3/HTR1B/RYR2/ATP2B2/PLCB1/ATP1B1/GRIN1/ANXA6/RYR3/GSTM2/UBASH3B/SLC8A1/CYBA/CALB1/CHRNA7/HAP1/APOE/ADCY8/SGCD/YWHAE/CNR1/JPH4/PLCB2/ADORA1/ATP2B1/TUNAR/GRIA1/DISC1/NOL3/THY1",33
"GO:0010721","GO:0010721","negative regulation of cell development","31/1080","173/10889",0.000803850264901011,0.0223368455498666,0.0192860974534977,"BRINP1/DTX1/TLX2/DRAXIN/ID4/CTNNA1/CDK6/UBASH3B/SEMA6A/CBFB/DAB1/PIK3R1/ABCC8/SEMA5B/SLIT1/SOCS5/SEMA5A/DCC/HMGB1/TSC22D1/DPYSL5/SLC4A2/REST/TNR/SYT4/S1PR3/IFRD1/SEMA3E/THY1/B2M/CDKN2B",31
"GO:0034765","GO:0034765","regulation of monoatomic ion transmembrane transport","41/1080","250/10889",0.000841344468198809,0.022826140100079,0.0197085645542257,"ATP2B4/KCNC3/UTRN/PIRT/CACNA1E/CACNA1B/KCNC2/FXYD6/YWHAQ/RYR2/GRIN2B/ATP1B1/GRIN1/GSTM2/RELN/UBASH3B/SLC8A1/CYBA/RGS4/ASIC2/HAP1/STAC/SCN2B/KCNIP2/KCNQ3/NHERF1/LRRC55/KCNJ12/YWHAE/KCND2/JPH4/KCND1/KCNK12/DPP10/RNF207/KCNK10/KCNB1/ACTN4/SCN8A/THY1/HCN2",41
"GO:0032535","GO:0032535","regulation of cellular component size","44/1080","275/10889",0.000936487755739005,0.0241605535783763,0.0208607249310456,"EZR/TRPV2/RAB3B/RET/POU4F2/VAV3/TMSB10/SLC12A1/CARMIL1/DRAXIN/TMSB15A/FHOD3/SPTBN4/PREX1/SEMA6A/ISLR2/APOE/HP1BP3/NHERF1/MEGF9/SEMA5B/SPTBN1/SLIT1/ADD3/SEMA5A/DCC/TENM1/CYRIB/NRCAM/MSN/MTPN/WDR1/EIF4G2/TNR/HIP1R/ARHGAP18/LATS1/ADNP/IFRD1/SEMA3E/KDM1A/FLII/DISC1/PPP1R15A",44
"GO:0098662","GO:0098662","inorganic cation transmembrane transport","69/1080","480/10889",0.000937541552773747,0.0241605535783763,0.0208607249310456,"ATP2B4/KCNC3/TRPM8/TRPV2/UTRN/TMEM163/GRIN3A/CACNA1E/PLCB3/CACNA1B/GPM6A/KCNC2/SLC12A1/FXYD6/OPRM1/RYR2/ATP2B2/PLCB1/SLC36A1/GRIN2B/ATP1B1/GRIN1/ANXA2/ANXA6/SLC18A3/RYR3/GSTM2/ITGAV/UBASH3B/PKD1/SLC39A6/SLC8A1/CYBA/RGS4/ASIC2/CHRNA7/HAP1/STAC/HTR3A/SCN2B/KCNIP2/ADRA1A/ABCC8/KCNQ3/NIPAL2/LRRC55/ASIC4/KCNJ12/YWHAE/SLC6A15/KCND2/JPH4/KCND1/CNGA3/KCNK12/PLCB2/DPP10/RNF207/ATP2B1/KCNK10/NIPAL3/SLC17A7/KCNB1/ACTN4/ATP1A1/SCN8A/NOL3/THY1/HCN2",69
"GO:2000146","GO:2000146","negative regulation of cell motility","34/1080","198/10889",0.00100791577645121,0.0255338663367641,0.0220464717560961,"ATP2B4/PTPRT/SERPINF1/PLCB1/CTNNA1/VCL/IGFBP5/MCC/ZEB2/LRCH1/APOE/HDAC2/ABCC8/TIMP1/PRKG1/DACH1/NHERF1/PTPRG/STARD13/CD200/CITED2/PTPRM/SVBP/HMGB1/RBBP4/NRG3/MYOCD/FRMD5/ADORA1/HDAC5/ADGRG1/SPOCK3/THY1/SINHCAF",34
"GO:0034762","GO:0034762","regulation of transmembrane transport","51/1080","334/10889",0.00113873843425449,0.0275483616654954,0.0237858289604423,"ATP2B4/KCNC3/SHISA6/NR4A3/UTRN/PIRT/CACNA1E/POU4F2/CACNA1B/KCNC2/FXYD6/YWHAQ/OPRM1/RYR2/GRIN2B/ATP1B1/GRIN1/GRB10/GSTM2/RELN/UBASH3B/SLC8A1/CYBA/SLC7A5/RGS4/ASIC2/HAP1/STAC/PIK3R1/SORBS1/SCN2B/KCNIP2/KCNQ3/NHERF1/LRRC55/KCNJ12/YWHAE/KCND2/JPH4/KCND1/KCNK12/DPP10/RNF207/KCNK10/KCNB1/ACTN4/NLGN1/ARL6IP1/SCN8A/THY1/HCN2",51
"GO:0044089","GO:0044089","positive regulation of cellular component biogenesis","56/1080","375/10889",0.00114272865070967,0.0275483616654954,0.0237858289604423,"LRRN1/S100A10/ARAP1/LRRN3/CLU/NRG1/GPM6A/MET/CARMIL1/COBL/PDE4DIP/SNX7/CCN2/CLSTN2/EPHB1/ST8SIA2/STMP1/PIEZO1/SYNPO2/ASIC2/GRID2/HAP1/IL1RAP/PIK3R1/WIPI1/AUTS2/LRSAM1/CHGA/NUMA1/WASF2/SRC/ATAT1/SLITRK3/NTRK1/MAVS/PLPPR5/TENM1/KIT/MSN/SORBS3/MOAP1/NRXN1/RESF1/PTPRD/HIP1R/CEP120/ADNP/SLAIN1/NLGN1/MAD2L2/NEK7/FNBP1L/CDK5R1/NTRK2/THY1/DCTN1",56
"GO:0016049","GO:0016049","cell growth","56/1080","376/10889",0.00121724109765284,0.0288065420540225,0.0248721681005434,"TRPV2/NRP2/CPNE9/POU4F2/UNC13A/MEIS1/H3-3A/DRAXIN/COBL/TNC/SYT1/ST8SIA2/VCL/IGFBP5/GNG4/EGFR/SEMA6A/RGS4/H3-3B/ISLR2/APOE/PAPPA2/RERG/AUTS2/ADRA1A/PRKG1/PAK5/SEMA5B/PDLIM5/LAMB2/SLIT1/MINAR1/SEMA5A/DCC/NRCAM/JADE2/NRN1/LGI1/MTPN/NRG3/ALCAM/DCLK1/MYOCD/ZNF639/EIF4G2/ITGA4/TNR/SYT4/ADNP/IFRD1/SEMA3E/MAD2L2/DCBLD2/SORBS2/DISC1/SH3BP4",56
"GO:0048589","GO:0048589","developmental growth","65/1080","451/10889",0.00122061618872977,0.0288065420540225,0.0248721681005434,"EZR/TRPV2/NRP2/CPNE9/POU4F2/HEG1/SPRY1/UNC13A/MEIS1/H3-3A/PLCB1/DRAXIN/COBL/FZD7/TNC/SYT1/ST8SIA2/ANXA6/VCL/LHX1/SPTBN4/SALL1/CFLAR/SEMA6A/RGS4/H3-3B/ISLR2/APOE/AUTS2/ADRA1A/EVC/PRKG1/EYS/PRLR/SEMA5B/SRC/PDLIM5/SIX1/LAMB2/SLIT1/SEMA5A/DCC/CITED2/COL27A1/NRCAM/STRA6/NRN1/MTPN/FKBP8/ALCAM/DCLK1/SPRY2/EIF4G2/ITGA4/TNR/SYT4/LATS1/DLL1/ADNP/ACACB/ATP8A2/IFRD1/SEMA3E/SORBS2/DISC1",65
"GO:0007517","GO:0007517","muscle organ development","34/1080","201/10889",0.00131690992217435,0.0295251204551489,0.0254926036513539,"ISL1/MSC/UTRN/SHOX2/HIVEP3/HEG1/NRG1/ZFHX3/LAMA2/RYR2/LAMA5/IGSF8/EPHB1/CFLAR/HLF/EGR1/SGCD/EVC/SIX1/PAX5/CITED2/STRA6/MTPN/ITGA7/PHOX2B/KMT5B/MYOCD/ASS1/ZBTB18/EGLN1/DLL1/CNTNAP1/RBM24/DNER",34
"GO:0006874","GO:0006874","intracellular calcium ion homeostasis","31/1080","179/10889",0.00143159788989357,0.0306900018751492,0.0264983865197424,"ATP2B4/SV2B/TRPM8/PLCB3/HTR1B/RYR2/ATP2B2/PLCB1/ATP1B1/ANXA6/RYR3/GSTM2/UBASH3B/SLC8A1/CYBA/CALB1/CHRNA7/HAP1/APOE/ADCY8/YWHAE/CNR1/JPH4/PLCB2/ADORA1/ATP2B1/TUNAR/GRIA1/DISC1/NOL3/THY1",31
"GO:0050673","GO:0050673","epithelial cell proliferation","39/1080","241/10889",0.00143731052492893,0.0306900018751492,0.0264983865197424,"NR4A3/NRP2/STAT6/SERPINF1/PGF/THBS4/PAX2/LAMA5/FZD7/SRSF6/LAMB1/CDK6/IGFBP5/CFLAR/MCC/ZEB2/EGFR/PPP1R16B/APOE/DACH1/SIX1/FGFR1/GPBAR1/SEMA5A/PTPRN/PRKX/PTPRM/KIT/HMGB1/VSTM4/IFT52/NEAT1/PHOX2B/ITGA4/HMGN1/BMPER/VHL/B2M/CDKN2B",39
"GO:0071407","GO:0071407","cellular response to organic cyclic compound","53/1080","355/10889",0.00154089732999559,0.0323317472602593,0.0279159036629029,"ISL1/ATP2B4/EZR/NR4A3/NR3C1/POU4F2/HTR1B/SERPINF1/OPRM1/RYR2/PLCB1/TNC/CTNNA1/SSTR1/GNG2/RYR3/GSTM2/IGFBP5/CFLAR/LBH/SLC8A1/EGFR/HTR7/INSIG1/RGS4/EGR1/HDAC2/HTR3A/ADCY8/TOP2B/NHERF1/NSG2/SRC/SIX1/PDE3A/GPBAR1/MAVS/MSN/GPR155/ESRRG/REST/RAPGEF1/ASS1/KLF16/SSTR3/LATS1/DDIT4/GRIA1/MMP2/ATP1A1/KDM1A/HCN2/RGS8",53
"GO:0051336","GO:0051336","regulation of hydrolase activity","66/1080","465/10889",0.00166605171085974,0.033649545289176,0.0290537179148292,"RGS11/S100A10/ARAP1/ST18/VAV3/SERPINF1/ARHGAP22/STMN1/PAX2/MET/GRIN2B/RAPGEF4/GRIN1/MALT1/PREX1/CHN2/DOCK9/NUAK1/EGFR/RASGRF2/PKP4/LRCH1/ITGA1/PLXNC1/ADRA1A/TIMP1/PRKG1/ARHGAP24/SRC/PDE3A/FGFR1/CAST/SPOCK2/SIPA1L1/PLXND1/PBXIP1/NTRK1/CD200/ARHGEF26/KIT/SVBP/HMGB1/IFI6/CHN1/FAM162A/FGD5/BOD1/PLCB2/REST/RAPGEF1/RGS6/HIP1R/PPP6R1/EGLN1/TIMP3/SERPINB9/ARL6IP1/SPOCK3/DOCK6/SH3BP4/NOL3/NTRK2/THY1/RGS8/TIAM2/PPP1R15A",66
"GO:0006816","GO:0006816","calcium ion transport","38/1080","236/10889",0.00180212005780031,0.0360745818713241,0.0311475449839735,"ATP2B4/TRPM8/TRPV2/GRIN3A/CACNA1E/PLCB3/CACNA1B/GPM6A/OPRM1/RYR2/ATP2B2/PLCB1/GRIN2B/ATP1B1/GRIN1/ANXA2/ANXA6/RYR3/GSTM2/ITGAV/UBASH3B/PKD1/SLC8A1/CYBA/CALCRL/RGS4/CHRNA7/HAP1/STAC/ADRA1A/GCK/YWHAE/JPH4/PLCB2/ATP2B1/SCN8A/NOL3/THY1",38
"GO:0031346","GO:0031346","positive regulation of cell projection organization","44/1080","287/10889",0.0022298009599476,0.0421874578244938,0.0364255293390507,"TRPV2/ARAP1/SHOX2/RET/POU4F2/SERPINF1/GPM6A/FUT9/CARMIL1/COBL/STMN2/TOX/RELN/CFLAR/ISLR2/HAP1/APOE/PIK3R1/PLXNC1/AUTS2/WASF2/SRC/CNR1/PLXND1/NTRK1/SEMA5A/PLPPR5/TENM1/KIT/PTPRD/EIF4G2/RAPGEF1/KAT2B/TRIM67/GPC2/CEP120/ADNP/NLGN1/ATP8A2/KDM1A/FNBP1L/DISC1/NTRK2/TIAM2",44
"GO:1903530","GO:1903530","regulation of secretion by cell","51/1080","345/10889",0.00231768882521482,0.0431224759015073,0.0372328434118371,"ISL1/SV2B/PCSK1/SYT11/GALR1/S100A10/RAB3B/HTR1B/CPLX2/OPRM1/PLCB1/RAPGEF4/ANXA2/SYT1/SLC18A3/SYT10/RAB3C/CHRNA6/CHRNA7/HAP1/APOE/ADCY8/SNCAIP/ABCC8/PRKG1/NEUROD1/SV2C/CHGA/GPR158/GCK/GIPR/CNR1/CD200/CPLX1/ACHE/PLA2G6/REST/PRKCG/RAB27B/ADORA1/SYT5/SYT6/SYT4/TUNAR/SYBU/KCNB1/NLGN1/RAB15/RAB26/SEPTIN4/MYRIP",51
"GO:0021537","GO:0021537","telencephalon development","34/1080","210/10889",0.00278787207981755,0.0485825038839289,0.0419471452380606,"ATP2B4/UNCX/PLCB1/DRAXIN/ID4/LAMB1/CDK6/LHX1/SALL1/RELN/FAT4/EGFR/BTBD3/DAB1/MDGA1/NEUROD1/ATAT1/YWHAE/PAX5/TUBA1A/EFNA2/NRG3/AKIRIN2/XRN2/TNR/SYNE2/TRA2B/ADGRG1/CEP120/GRIA1/KDM1A/CDK5R1/DISC1/NTRK2",34
"GO:0043410","GO:0043410","positive regulation of MAPK cascade","37/1080","234/10889",0.00283312046539207,0.048969458169793,0.0422812496240431,"AKAP12/RET/AKAP13/NRG1/CD24/OPRM1/SHC1/PLCB1/FZD7/CCN2/GCNT2/CFLAR/EGFR/CHRNA7/APOE/ITGA1/ADRA1A/SRC/FGFR1/GPBAR1/KLB/NTRK1/MID1/MAPK8IP1/TENM1/GSDME/KIT/HMGB1/SORBS3/SPRY2/TAB1/ADORA1/BMPER/SH3RF3/SASH1/NTRK2/RASSF2",37
